ident_a,ident_b,gse,ID,Description,setSize,enrichmentScore,NES,pvalue,p.adjust,qvalues,rank,leading_edge,core_enrichment
BAFF-R_TACI_CD40,4-1BB,gse_bp,GO:0033036,macromolecule localization,6,-0.857142857142857,-1.7912373781431,0.0114942528735632,0.0114942528735632,0.874533582089552,8,"tags=100%, list=62%, signal=71%",SOCS1/IL13/MAL/HILPDA/IL5
BAFF-R_TACI_CD40,4-1BB,gse_bp,GO:0051179,localization,6,-0.857142857142857,-1.7912373781431,0.0114942528735632,0.0114942528735632,0.874533582089552,8,"tags=100%, list=62%, signal=71%",SOCS1/IL13/MAL/HILPDA/IL5
BAFF-R_TACI_CD40,4-1BB,gse_bp,GO:0051704,multi-organism process,6,0.836692908736625,1.96527368655891,0.0192307692307692,0.0192307692307692,0.874533582089552,5,"tags=83%, list=38%, signal=95%",GNLY/IGFBP2/HLA-DRA/BATF/IL2RA
