ident_a,ident_b,gse,ID,Description,setSize,enrichmentScore,NES,pvalue,p.adjust,qvalues,rank,leading_edge,core_enrichment
TACI,CD28_Zeta,gse_mf,GO:0016787,hydrolase activity,3,-0.823529411764706,-1.62106912468576,0.028006589785832,0.028006589785832,0.560131795716639,7,"tags=100%, list=35%, signal=76%",GZMB/GZMK
TACI,CD28_Zeta,gse_bp,GO:0010942,positive regulation of cell death,3,-0.882352941176471,-1.75814941286053,0.0168918918918919,0.0168918918918919,0.545895729339989,6,"tags=100%, list=30%, signal=82%",MAL/GZMB
TACI,CD28_Zeta,gse_bp,GO:0043065,positive regulation of apoptotic process,3,-0.882352941176471,-1.75814941286053,0.0168918918918919,0.0168918918918919,0.545895729339989,6,"tags=100%, list=30%, signal=82%",MAL/GZMB
TACI,CD28_Zeta,gse_bp,GO:0043068,positive regulation of programmed cell death,3,-0.882352941176471,-1.75814941286053,0.0168918918918919,0.0168918918918919,0.545895729339989,6,"tags=100%, list=30%, signal=82%",MAL/GZMB
TACI,CD28_Zeta,gse_bp,GO:0044267,cellular protein metabolic process,3,0.823529411764706,1.73265268893254,0.0358974358974359,0.0358974358974359,0.545895729339989,6,"tags=100%, list=30%, signal=82%",IGFBP2/PRDX1/ITM2B
