ident_a,ident_b,gse,ID,Description,setSize,enrichmentScore,NES,pvalue,p.adjust,qvalues,rank,leading_edge,core_enrichment
CD40,4-1BB,gse_bp,GO:0033036,macromolecule localization,7,-0.813172561813969,-1.95486470314719,0.00192678227360308,0.00192678227360308,0.624277456647399,6,"tags=71%, list=35%, signal=79%",LIMA1/SOCS1/MAL/IL5/HILPDA
CD40,4-1BB,gse_bp,GO:0050778,positive regulation of immune response,5,0.75,1.61600280781041,0.0255402750491159,0.0255402750491159,1,8,"tags=100%, list=47%, signal=75%",HLA-DRA/IFNG/HLA-DRB1/TRBC2/IL13
CD40,4-1BB,gse_bp,GO:0051179,localization,9,-0.684355681218187,-1.66533323447717,0.0292397660818713,0.0292397660818713,1,6,"tags=56%, list=35%, signal=76%",LIMA1/SOCS1/MAL/IL5/HILPDA
CD40,4-1BB,gse_bp,GO:0002376,immune system process,12,0.662012554590049,1.58938977030312,0.0334645669291339,0.0334645669291339,1,8,"tags=67%, list=47%, signal=120%",GNLY/HLA-DRA/TNFSF10/IGFBP2/IFNG/HLA-DRB1/TRBC2/IL13
CD40,4-1BB,gse_bp,GO:0002250,adaptive immune response,4,0.769230769230769,1.5382678456814,0.0487804878048781,0.0487804878048781,1,7,"tags=100%, list=41%, signal=77%",HLA-DRA/IFNG/HLA-DRB1/TRBC2
CD40,4-1BB,gse_kegg,hsa05164,Influenza A,4,0.846153846153846,1.77841405399845,0.0222222222222222,0.0222222222222222,0.185960018596002,6,"tags=100%, list=35%, signal=85%",HLA-DRA/TNFSF10/IFNG/HLA-DRB1
