ident_a,ident_b,gse,ID,Description,setSize,enrichmentScore,NES,pvalue,p.adjust,qvalues,rank,leading_edge,core_enrichment
BAFF-R_TACI_CD40,CD28_4-1BB_Zeta,gse_bp,GO:0033036,macromolecule localization,3,-1,-1.88762334752782,0.00743494423791822,0.00743494423791822,0.301115241635688,4,"tags=100%, list=40%, signal=86%",IL5/HILPDA
BAFF-R_TACI_CD40,CD28_4-1BB_Zeta,gse_bp,GO:0051179,localization,3,-1,-1.88762334752782,0.00743494423791822,0.00743494423791822,0.301115241635688,4,"tags=100%, list=40%, signal=86%",IL5/HILPDA
BAFF-R_TACI_CD40,CD28_4-1BB_Zeta,gse_bp,GO:0048522,positive regulation of cellular process,6,-0.770050434485871,-1.58444113892955,0.0388170055452865,0.0388170055452865,0.614285714285714,5,"tags=100%, list=50%, signal=125%",IGFBP2/LTA/MAL/IL5/HILPDA
BAFF-R_TACI_CD40,CD28_4-1BB_Zeta,gse_kegg,hsa05164,Influenza A,3,0.857142857142857,1.71112099524792,0.0334728033472803,0.0334728033472803,0.387579828231667,4,"tags=100%, list=40%, signal=86%",HLA-DRA/HLA-DRB1/TNFSF10
