ident_a,ident_b,gse,ID,Description,setSize,enrichmentScore,NES,pvalue,p.adjust,qvalues,rank,leading_edge,core_enrichment
CD40,CD28_4-1BB_Zeta,gse_bp,GO:0048522,positive regulation of cellular process,9,-0.675093892375867,-1.60496966637911,0.01931330472103,0.01931330472103,0.963944856839873,7,"tags=67%, list=50%, signal=93%",IGFBP2/SOCS1/LTA/IL5/MAL/HILPDA
CD40,CD28_4-1BB_Zeta,gse_bp,GO:0033036,macromolecule localization,5,-0.725583211187487,-1.63894548970485,0.037037037037037,0.037037037037037,0.963944856839873,6,"tags=80%, list=43%, signal=71%",SOCS1/IL5/MAL/HILPDA
CD40,CD28_4-1BB_Zeta,gse_bp,GO:0051179,localization,5,-0.725583211187487,-1.63894548970485,0.037037037037037,0.037037037037037,0.963944856839873,6,"tags=80%, list=43%, signal=71%",SOCS1/IL5/MAL/HILPDA
CD40,CD28_4-1BB_Zeta,gse_bp,GO:0030154,cell differentiation,5,-0.699732673136693,-1.58745848756283,0.0478260869565217,0.0478260869565217,0.963944856839873,6,"tags=80%, list=43%, signal=71%",SOCS1/LTA/IL5/MAL
CD40,CD28_4-1BB_Zeta,gse_bp,GO:0048869,cellular developmental process,5,-0.699732673136693,-1.58745848756283,0.0478260869565217,0.0478260869565217,0.963944856839873,6,"tags=80%, list=43%, signal=71%",SOCS1/LTA/IL5/MAL
