ident_a,ident_b,gse,ID,Description,setSize,enrichmentScore,NES,pvalue,p.adjust,qvalues,rank,leading_edge,core_enrichment
BAFF-R_TACI,4-1BB,gse_mf,GO:0003823,antigen binding,3,0.866666666666667,1.724069476146,0.023696682464455,0.023696682464455,0.171320319578288,5,"tags=100%, list=28%, signal=87%",HLA-DRA/TRBC1/IL7R
BAFF-R_TACI,4-1BB,gse_bp,GO:0032879,regulation of localization,4,-0.87356478078944,-1.77487844880441,0.00346020761245675,0.00346020761245675,0.557166010650614,4,"tags=75%, list=22%, signal=75%",IL13/HILPDA/IL5
BAFF-R_TACI,4-1BB,gse_bp,GO:0033036,macromolecule localization,5,-0.814056376104871,-1.75959069466873,0.00813008130081301,0.00813008130081301,0.557166010650614,6,"tags=80%, list=33%, signal=74%",LIMA1/IL13/HILPDA/IL5
BAFF-R_TACI,4-1BB,gse_bp,GO:0051179,localization,6,-0.715780314789684,-1.64368679346947,0.0350877192982456,0.0350877192982456,0.557166010650614,6,"tags=67%, list=33%, signal=67%",LIMA1/IL13/HILPDA/IL5
BAFF-R_TACI,4-1BB,gse_bp,GO:0006996,organelle organization,4,-0.719879966329439,-1.47295805720417,0.0480427046263345,0.0480427046263345,0.557166010650614,6,"tags=75%, list=33%, signal=64%",LIMA1/HILPDA/IL5
