ident_a,ident_b,gse,ID,Description,setSize,enrichmentScore,NES,pvalue,p.adjust,qvalues,rank,leading_edge,core_enrichment
TACI,CD28,gse_mf,GO:0042802,identical protein binding,4,0.823529411764706,1.78943347213084,0.0170575692963753,0.0170575692963753,0.325023084025854,7,"tags=100%, list=33%, signal=82%",STAT1/GZMA/CD74/TNFSF10
TACI,CD28,gse_mf,GO:0023023,MHC protein complex binding,3,0.833333333333333,1.65470727021239,0.0463157894736842,0.0463157894736842,0.325023084025854,6,"tags=100%, list=29%, signal=83%",HLA-DRA/CD74/HLA-DRB1
TACI,CD28,gse_mf,GO:0023026,MHC class II protein complex binding,3,0.833333333333333,1.65470727021239,0.0463157894736842,0.0463157894736842,0.325023084025854,6,"tags=100%, list=29%, signal=83%",HLA-DRA/CD74/HLA-DRB1
TACI,CD28,gse_bp,GO:0016032,viral process,3,0.888888888888889,1.7218091590541,0.0252631578947368,0.0252631578947368,0.98286420283627,5,"tags=100%, list=24%, signal=89%",STAT1/HLA-DRA/CD74
TACI,CD28,gse_bp,GO:0044403,symbiont process,3,0.888888888888889,1.7218091590541,0.0252631578947368,0.0252631578947368,0.98286420283627,5,"tags=100%, list=24%, signal=89%",STAT1/HLA-DRA/CD74
TACI,CD28,gse_bp,GO:0044419,interspecies interaction between organisms,3,0.888888888888889,1.7218091590541,0.0252631578947368,0.0252631578947368,0.98286420283627,5,"tags=100%, list=24%, signal=89%",STAT1/HLA-DRA/CD74
TACI,CD28,gse_kegg,hsa05152,Tuberculosis,5,0.744434378325583,1.77971351037505,0.0291479820627803,0.0291479820627803,0.364145658263305,6,"tags=80%, list=29%, signal=75%",STAT1/HLA-DRA/CD74/HLA-DRB1
